tokens,label
,0
,0
kanayo,0
eaye,1
reniivemants,1
£,1
dicyanoacetylene,0
aiello,0
salmonid,0
etat,1
plaines,1
wagman,0
esate,1
esea,0
huckin,0
aoe,1
multiphase,0
pulfillment,1
1600-1728,0
phosphonate,0
chamistry,1
bodnar,0
poiseuille,0
proressor,1
philosopny,1
departmehtal,1
b.s.a.d,0
tunneling,0
dentitions,0
seaosene,1
suillus,0
evansville,0
schottky,0
0b,1
johe7a,1
laser-plasma,0
el-shiekh,0
admittances,0
catalano,0
jonns,0
supervisgr,1
eenvrenreseeereoneneeerenseeneeeseeseeeeseteeseresae,1
elasto-plasticity,0
nucleophilic,0
automatique,0
nace,1
sahih,1
m.m,0
eeenevoeeeeteoeceesnoeeaseetseorevnesess,1
3s,1
near-field,0
moving-map,0
yl,1
ert,1
pittsburch,1
neelam,1
ignature,1
circumplex,0
lethy,0
daka,0
habe,1
lenawee,1
wendel,0
gse,1
por-yuan,0
teow,1
hsin-hsiung,0
neering,1
prabhat,0
worner,0
hagood,0
ciry,1
"2.,1962",1
kotsovinos,0
sohn,1
gracuate,1
krishnan,0
fasadena,1
sliyahu,1
gletsos,0
neene,1
markovian,0
lastc,0
°,1
arenburg,0
ferulic,0
redwinged,0
eneee,1
aud,0
mckeen,0
dacember,1
ont,1
brandeis,0
ribbe,0
orderins,1
organosilicon-nitrogen,0
brazer,0
stereospecific,0
azafulvenes,0
duquesne,0
¥,1
plasticizers,0
ozer,1
mcwhorter,0
iiciences,1
7isytoe,1
rrazil,1
connaway,0
kamke,0
shaykuisu,0
dipheny,1
wurtzite,0
'',1
shaye,1
jagdish,0
yder,1
hhepartmental,1
glauber,0
bilgin,0
tevet,1
elastic/viscoplastic,0
b-styrylferrocene,0
athe,1
nase,1
electrodeless,0
ested,1
eeee,1
blias,1
dertecese,1
steere,1
crutchiey,1
phili,0
anit,1
21:1,0
és,1
prosperetti,0
casperson,0
rieffel,0
theclogical,1
ruthefford,1
shammas,0
mycorrhizal,0
corwin,0
wiswell,0
1g2,1
winfred,0
1904-1914,0
ixodidae,1
comnittee,1
ieeep,1
wheland,0
srila,1
chairenin,1
hankuk,0
a.b.e,1
neenan,0
asr,1
stet,1
stockhouse,0
politecnica,0
kocamustafaogullari,0
¢,1
fopmation,1
henghold,0
brauner,0
hsiao-yun,0
werk,1
sfy,1
bergmann,0
efpect,1
erland,0
m.b.a,0
babich,0
convexly,0
josephat,0
petersson,0
desoer,0
atic—,1
tohoku,1
teotia,0
florette,0
rneth,1
permission.the,1
duete,1
eelhh,1
eeoeeeeoceses,1
ctrn,1
serologic,0
mey,1
babism,0
kadarsan,0
oon00eeoeoncogngunvngd,1
srr,1
cigoli,0
uprichard,0
ting-chao,0
agelaius,1
peppesfntaticn,1
f/a,1
parkville,0
s.m.e,1
mech,0
doane,0
hasselman,0
kemmer1img,1
logy,1
shipvuilding,1
l979,1
fixed-income,0
j.e,0
tsung-chien,0
4aiplson,1
j.yfenchak,1
geschke,0
armoring,0
koniuk,0
homoconjugation,0
williams-green,0
gangnes,0
weer,1
swarthmore,0
bicanich,0
tso,0
post-newionian,1
ightman,1
eetoe,1
ene,1
permission.representations,1
californie,1
behavicrs,1
assoctate,1
heterophase,0
corkran,0
cis-trans,0
hucke,0
hanzlik,0
sukale,0
14-7-98,1
stalford,0
parcial,1
rseeess,1
pompett,0
0s,1
commutants,0
eeewmesetoeeoeeeeeeeaneee,1
crain,0
sctiene,1
mmed,1
arthut,0
lichtman,0
februsry,1
reidy,0
nena,1
capensis,0
hydromagnetic,0
seeetaeeenetnneneesanes,1
marilya,1
skaar,0
seadtle,1
digitaria,1
clty,1
lead~tin-cadmium,1
semiclassical,0
cylkowskt,0
kornblum,0
fartial,1
anchitsctuns,1
1864-1889,0
ectomycorrhizal,0
byuprnrt,1
kuppuseamy,0
junie,1
"2,2'-bipyrimidine",0
michaelssesnowitz,1
limnetic,0
permission.structural,1
sambhunath,0
hadjipavlou,0
enginecring,1
kadzie,1
gerstein,0
b.se,1
fcp,1
chairdgh,1
crildren,1
eeene,1
linvilie,1
frcocedures,1
rasin,0
facet-factorial,0
tere,1
1970sxperiments,1
gruhn,0
rmon,1
savas,0
littlefigid,1
eeeerreosneeseeeoeneeoene,1
pearcy,0
adelbert,0
permission.nonlinear,1
docttoraal,1
ligrarnl,1
1g,1
imnstitutf,1
lun,1
landel,0
eeesesenee,1
postemergence,0
heev,1
eevresrereneereeseveneereeeresseeoensaeeeeeeennee,1
marcie,0
escola,0
wdfc,1
in|,0
scme,1
gysel,0
sedki,0
xe,1
ballou,0
eid,0
2-65-3m,1
baixue,0
assas,1
earv,1
philcsophy,1
1948-1966,0
70-c-0107,1
longone,0
aeepr,1
politécnica,0
l971,1
gamo,1
vepartmental,1
ype,1
caudarella,0
normé/jean,1
philosdophy,1
eseeneeeveece,1
vce,1
masangkay,0
awardees,0
crn,1
fearnsides,0
pavlot,0
elimina,1
rastogi,0
falkler,0
hlm,1
kriton,0
beil,1
jasen,0
electrochemiluminescence,0
teknologi,0
sedat,1
oee,1
tsobutane,1
phthalate,0
expertence,1
balance-of=payments,1
poctopr,1
heterodyne,0
large-sample,0
eetrm,1
ludema,0
eproduced,1
preinterview,0
emer,1
brintzinger,0
jeffcoat,0
requirments,1
schoenberger,0
ecto,0
jerr,1
ececesavece,1
alesdair,0
oras,1
patamaka,0
usters,1
chenistry,1
philoscpny,1
reet,1
s.b,0
1970s,0
a-sns-cdaind,1
ereer=,1
of__chemistry,1
non-awardees,0
gf,1
recxer,1
harrick,0
epartment,1
milka,0
u_-—,1
henneke,0
subrnitted,1
phoeniceus,1
apne,1
sulfide,0
engipeering,1
mixzures,1
fastionics,0
biel,1
broecker,1
cyclizations,0
fert,0
gnuairman,1
ogpeooouo,1
devartment,1
edge-effect,0
sharifi,0
requ,1
soan,1
lefe,1
viet-nam,0
methylone,0
stuckless,0
tsinghua,0
technische,0
sinsheimer,0
cooby,1
dihydrophenanthrene,1
eeoeeteaeebeeeaeasseaseoeseeeestseeseseeeeaeaeensneesd,1
chromium-oxygen-hydrogen,0
wangafy,1
delinquint,1
nonitored,1
tagmemic,0
wartell,0
spectrometric,0
methylenecyclobutane,0
cemmittee,1
undepstatipe,1
tyésis,1
ity,1
thests,1
génneth,1
jassby,0
flanning,1
qe,1
etee,1
aclp,1
ceeeeeeeeeeeceeesceeceeeeneceee,1
zhiqiang,0
eeeteeeeeoerseeaeo,1
tsrminal,1
weinreich,0
aex,1
plann,1
bluestem,0
submetted,1
2/22/78,1
satyaki,0
poettingex,1
yivia,1
eeeeser,1
vil,1
myung,0
bipo,0
hilfy,1
wononskopmuc,0
»,1
electrical.discharge,1
tetrafluoride,0
prilosophy,1
thienopyrazine,0
chloroethyl,1
oon,1
zinc-blende,0
leela,1
oanseeseerneve,1
nner,1
visvaldis,0
swudy,1
eeeecees,1
icosahedral,0
aulhol,1
cyclohexane,0
chairmarf,1
ooctor,1
j.d,0
woodmansee,0
pret,1
neighborhoods,0
ody,1
gohnm,1
boucouvalas,0
committee_on,1
kil,0
b.arch,0
eoepoeceeeeereoveee,1
py,1
heligeth,1
mamightman,1
safaitic,0
brustkern,0
helicity,0
anghl,1
simultancously,1
loftness,0
yocum,0
vtaracsiaacntba-a,1
dissert,1
by..mario,1
muco-ciliary,0
inatitute,1
f*+5rt6,1
tfchnology,1
ation,1
coxroro,1
borukhov,0
counseling,0
federbush,0
séciology,1
prpfessor,1
standara,1
krimsley,0
clément,0
a.r.i.b.a,1
eial,1
gunol,0
gas-liquid,0
eldersveld,0
cescscce,1
enksson,1
sm-73,1
kamler,0
radiolodine,0
osa,1
a\f1.0,1
's,1
zedaker,0
counsell,0
vsd,1
kaliden,0
getz,0
nequirements,1
wos,1
trickle-bed,0
bilong,0
rece,1
fulfillsent,1
rheology,0
benzenes,0
xum,1
7d,1
professer,0
riess,0
rere,1
—santalol,1
yih,0
epoeceeaseneasats,1
decter,1
aan,1
reser,1
clell,0
of__doctor,1
kuczkowski,0
ground-foraging,0
nema,1
hawait,1
sehn,0
doccor,1
conmittee,0
afi,1
jiniversity,1
oyelaran,0
apitz,0
chaudhari,0
jérgen,0
seman,1
1868-1936,0
millian,1
nce,1
ghz,0
ez,1
euphydryas,0
burkhart,0
in-partial,1
clemons,0
propertias,1
vel,1
phin,1
cecceectecceeeeeecetenntnsennneneneeenene,1
spircbicyclohexane,1
ame,1
hilbish,0
arie®,1
spructure,1
acarina,1
eveeeeevr,1
alonzo,0
2h,1
permission.visual,1
photomorphogenesis,0
labib,0
qrusalniik,1
l..kienas,1
philesephy,1
t.c,0
pépartmental,1
s¢ott,1
monyok,0
by..é,1
erseeeeoeeeeenesen,1
eer,1
cyclobutanes,0
barbacch,1
erro,1
sdges,1
desimone,0
tnlerpace,0
immersions,0
domber,0
sjb,1
lams,1
oma,1
epizootic,0
dip.c.d,1
fulriiiment,1
elastic-viscous,0
i971,1
gbemiga,0
zl,1
batto,0
qf,1
dezrae,1
shirhey,1
——er,1
sampurno,0
requireiients,1
mcdaniels,0
wierwille,0
sree,1
septasber,1
triazolines,0
nunnally,0
owyoung,0
§hairman,1
veneceeneenenene,1
é,1
o_clous,1
lukaszek,0
carneqie-mellon,1
fuad,0
enucation,1
beethan,1
"644,5-t-31",1
20-120,0
radialton-induced,1
iets,1
eam,1
droperoxide,1
eoneeoeve,1
tenney,1
ajtd,1
cee,1
mene,1
rotch,0
1970-71,0
lla,1
amnanmed,1
bartel,0
rimstidt,0
mys,1
reve,1
——z,1
bertolaet,0
santon,0
modeling,0
muench,0
zelazny,0
ceca,1
stenning,0
hydride,0
z£,1
wurster,0
wightrfan,1
warshaw,0
pertial,1
shirle¥/jgnes,1
nica,1
mye,1
tht,1
chdirman,1
m.e,0
quirements,0
tharald,0
minimum-fuel,0
b-ch.e,1
perecheieee,1
chryssostomos,0
poesis,1
secial,1
prag,1
masanobu,0
canfield,0
feavtia,1
yalpani,0
j.pé/wightman,1
cavite,0
``,1
mastin,1
scciai,1
suchon,0
bridgeport,0
technolory,1
"9,10—dime",1
aai,1
wearee,1
eteeseseeseedceeneeeee,1
fluorosilyl,0
clipe,1
alexanfler,1
caputo,0
hartharan,1
partiel,1
ecard,1
besten,1
gme,1
yangchun,0
blacksburg,0
ceagepe,1
1851-1895,0
spirochete,0
karnell,0
hy,1
by.-esee25,1
erate,1
monash,1
ixodid,0
beee,1
discrete-time,0
inary,1
biradical,0
e-caprolactam,0
tul,1
occ,1
conny,1
hexatriacontane,0
nhu,0
institue,1
ened,1
zynch,1
petrela,0
ececens,1
luecke,0
pareja,0
depdlngrt,1
iayer,1
jor,1
paukulis,0
alexarider,1
®,1
rst,1
prgetade,1
sowa,1
niemi,0
engitieering,1
doctor.of,1
avthor,1
ete,1
eeesrreersee,1
prefesser,1
omia,1
ph.b,1
tiel,1
biophysics,0
corrittee,1
sebes,1
engineering-economic,0
eet,1
class_.of,1
babb,0
micromechanical,0
ppcgpaim,1
barthold,0
aad,1
f44620,1
wun,1
brurclreh,1
isopropenylcycloheptatrienes,0
siddique,0
cassytha,0
rements,1
eaoaneeoevseseeenseevanse,1
peparimgfe,1
karmis,0
jre,1
eeooenero,1
suegihe,1
strick,0
pittsburzh,1
rensselaer,0
welfer,0
cesarsky,0
foover,1
tf,1
burckhalter,0
fiber,0
mechanieat,1
lequesne,0
meee,1
commmittteet,1
decoster,0
stali,1
charze,1
shippensburg,0
eeeaceee,1
tment,1
iy,1
revelli,1
macdonalé,1
bertolet,0
tenes,1
computer-driven,0
automatization,0
8-ketoesters,1
7ee,1
matupal,1
arnoid,0
cdegree,1
ikuma,0
9a,1
liles,1
ereens,1
2s,1
anette,1
qépartmeht,1
archaeolemur,1
ning,1
diels-alder,0
sansh,1
aicha,0
barde,0
ler,1
stereoselectivity,0
resioential,1
burks,0
massachusettts,0
ier,1
degre,1
feratic,1
crabgrass,0
seda,1
eecsessceceososeoceseoooeovc708,1
tobe,1
ckairman,1
wiohel,1
cheel,0
shaeffer,0
zannis,0
eum,1
eversole,0
gree,1
mormis,1
engl,1
cyclohexadienones,0
decteral,1
jokns,0
muscara,0
aaylor,1
«,1
emara,0
paslay,0
tayi,1
tavbars,1
jui,1
arhancet,0
erry,1
meth,1
ance,1
vnereasesevnosvsanvneevogods,1
uqhm,1
brockes,0
fte,1
paptial,1
oissertation,1
titanocene,0
beaman,0
immunogenetics,0
mellott,0
yurochko,0
khidir,0
balath,1
fulfilinent,1
fspects,1
supérieure,0
maneuvering,0
barbee,0
cyclotron-~type,1
—m,1
wma,1
d.w,0
gregoire,0
doron,0
kellman,0
3°,1
cif,1
homopolymers,0
ples,1
seneme,1
rotary-wing,0
inertially-oriented,0
echanical,1
qicp,1
hilu,0
pachylophus,0
literature-focused,0
darree,1
squalene,0
fufillment,1
open-channel,0
lieoa,1
bliznakov,0
wovefeacsssecces,1
physaloptera,0
1970a,1
etiam,1
no-till,0
5.m,0
belli,0
ern,1
non-equilibrium,0
losophy,1
charismaitc,1
hershler,0
maton,1
rane,0
ingénieur,0
hellstern,0
—hpad,1
"2-methylene-3,4,5,6-dibenzo-3',4'",0
seencereeeeeeene,1
fhe,1
eral,1
allardice,0
1550-1714,0
espiner,1
soupcoff,0
eiko,0
cyclobutoxides,0
aetrei,1
garg,0
aren,1
tuyl,0
scheckler,0
seligsohn,0
manmoud,1
seaseareesees,1
radtke,0
rosaleen,0
ommittee,1
recuirsments,1
plasma-solid,0
f500,1
yir/ev,1
shostak,0
tepper,0
gottardi,0
non-newtonian,0
nctavio,1
acott,0
jeong-shwu,0
ifo,1
organogermanium,0
mclaughl,1
elshabini-riad,0
hinman,0
ziway-shala,0
calendering,0
cah,1
m.crim,0
parametrized,0
distributicn,1
healti,1
thylene-9,1
legree,0
soledad,0
spfudents,1
oes,1
pappas,0
g.j,0
philoscphy,0
eeeee,1
p-n,0
cence,1
oeceeeese,1
paychology,1
amet,1
lactone,1
tandar,1
1slam,1
principalship,0
saed,0
ovp,1
eynas,1
physico-chemical,0
chaoying,0
boletes,0
semanic-lauth,0
m.s,0
laveen,1
pions,0
abeles,0
ign,1
greeno,0
eae,1
neers,1
weet,1
chaffee,0
narang,0
cce,1
ozonolysis,0
universeiy,1
ncn,1
beato,1
etpreeouvuevnaaeeseaeateho,1
harlan,0
tation,1
reserpine,0
singham,0
eiss,0
photodynamics,0
cycloaddition,0
nikolas,0
electronique,0
ketones,1
pedju,0
rennin,1
maint,1
center-pivots,0
cerium,0
vroman,0
iat,1
of..-electrical..engineering,1
ped,1
degrec,1
amick,0
4m,1
meral,1
mewn,1
ccnrcceseccces,1
aittsburgh,1
©,0
destor,1
sanqu,0
ickeen,1
boundary-integral,0
gta,1
eteas,1
wetmore,0
lene,0
¢74,1
cama,1
fece,1
mercado,0
bebert,1
smm,1
thaf,1
€,1
creve,1
ceccccecsscuccccns,1
thalassia,0
massactusetts,1
reconnatssance,1
1774-1870,0
ctr,1
three-dimenstonal,1
kuhar,0
catherines,0
irdisches,0
lemuroidea,1
dedman,0
kurshan,0
aboud,1
sngineering,1
haftka,0
capozza,0
antenucci,0
wy,1
dyyovea—,1
dontan.of..philasophy,1
losertation,1
chermak,0
bernary,1
carder,0
woong-sang,0
postsecondary,0
"1,2-diphenylcyclobutene",0
frithjof,0
masskcyusstts,1
dactor,1
prrabade,1
coneeeneennnnnne,1
esee,1
kosecoff,0
weve,1
chul,0
retr,1
indebetouw,0
supérvisdr,1
197i,1
ayangbile,0
sensvneses,1
thab,1
pilbeam,0
craduate,1
denartmental,1
eevee,1
peseasteeseneteeoee,1
orawings,1
yyw,1
riad,0
sundaresan,0
carnegzie-mellon,1
eoeee,1
sxperiments,1
untverstt,1
subgenus,0
tjaden,0
tenenbaum,0
weaa,1
eeeaeaeeand,1
chism,0
evteen,1
aivin,1
cena,1
k.d,0
switchgrass,0
borgir,0
lhe,1
microwave-microwave,0
ingenieur,0
bearch,1
underachievers,0
cinmtd,1
alexandros,0
ethylenediamine,0
breidenbach,0
1-470,1
counterflow,0
of____doctor,1
lmethy,1
dector,0
taim,0
yg,1
solvolysis,0
organotin,0
ploor,1
lbishy,1
—~k,1
oyediji,0
opitz,0
hsin-min,0
jofifs,1
okoye,0
faby,1
eceececcecceccccceccscccccccedveccecuecocceces,1
newin,0
bubble-particle,0
drmrmece,1
sates,1
chakravarti,0
landesman,0
schgol,1
yi-shuong,0
jarnai,1
wigdor,0
hultquist,0
emtgeesatetieweetileanos,1
lécy,1
giaretta,0
bagge,1
joserph,1
bilinear,0
teeta,1
apprqved,1
gradthte,1
ree,1
tirrbn,1
s74,1
earliness,0
roton-roton,0
ehescereceraces,1
maizza,0
tulane,0
chromatographic/spectroscopic,0
puckett,0
tems,1
olivet,0
a.m.t.p.i,1
1571-1896,0
duklese,1
henaricks,1
m.a,0
azuma,0
shiu,0
s.m,0
proe,1
ceeeeennnenn,1
dassa,0
yole,0
fittsbureh,1
enginégring,1
9-10-phenanthro,1
quadricyclyl-7-carbinol,0
de-de,1
unversity,1
dussan,0
superfluid,0
n.m.r,0
b.d,0
"22,777",1
bloss,0
ccnformity,0
avestan,0
alpha-methylstyrene,0
polyketide,0
pae,1
wae,1
holz,0
beryle,0
cea,1
counselor,0
eeeeeseeeresnseeeeeereeeesetetreeaepeaeeeeeane,1
tamano,0
b.s,0
thermolysis,0
sseccecs,1
of.philosophy,1
holschneider,0
corte,1
peeroesave,1
abr,1
shuster,0
dianion,0
sona,1
carboranes,0
davig,1
lores,0
aoi,1
anplicetion,1
neeranas,1
vy,1
ule,1
thala,1
grafuate,1
owyeaee,1
baten,1
astronautics,0
spin-parity,0
changsoo,0
tankship,0
shuraydi,0
9/4,1
oenothera,0
tte,1
kilinc,0
hamilten,1
you-feng,0
gametophytes,0
lk,1
mussalli,0
b.c,0
puggested,1
cclorado,1
gerken,0
"9,10-cyclobutenophenanthrene",0
kartsatos,0
dennisailper,1
erent,1
cte,1
srimer,1
imal,1
riccardella,0
rara,0
it0,0
akins,0
ohemical,1
reerceem,1
alinia,1
€44620-67-c-0058,1
annalt,1
ataport,1
9-substituted-6-chloropurines,0
opi,1
nen,1
dicsortation,1
pasteurization,0
tugust,1
qh,1
metal-semiconductor,0
dest,1
hoge,0
ceve,1
empiricai,1
californiz,1
léa,1
two-~phase,0
hochschule,0
derree,1
merola,0
mashburt,1
erenkov,1
awh,1
wideband,0
redacted,0
aromatization,0
vencill,0
1823-1837,1
hatzios,0
reusch,0
auguse,1
heao,1
infen,1
3h-amino,0
organosilylamines,0
sarria,1
laux,0
shofcraft,1
—_—,1
ghnson,1
mamoru,0
jowes,0
konno,0
eneeoneeann,1
byt,1
grgaduate,1
tne,1
qlasope,1
verzino,0
saifur,0
congonmity,1
eizctrical,1
heglonat,1
besieris,0
b.s.m.e,0
fulytlarent,1
bepfeley,1
qo,1
hnacogceoeoena,1
ferromagnetism,0
t-532,1
1970the,1
requtrements,1
mazzola,0
growih,1
clementson,0
trifunac,0
lantz,0
1966-1969,0
jz,1
tsa,1
hapke,0
eigel,0
prefessor,1
sipervisor,1
meader,1
réequiremants,1
1937-1939,0
geyce,1
uimmnouuooey,1
meid,0
econony,1
siske,1
fluoroalkene,0
eoreosenaseeeeeara,1
ihas,0
turki,0
sth,1
antipode,0
salida,0
trawwlir,1
ssecny,1
volterra,0
caloyannides,0
u.a.r,0
mansoor,0
mattson,0
lomg,1
jean-benoit,0
universidade,0
departiiént,1
depa,1
maack,0
sook,0
eceneeeeeeeesuseeeeeereeeectens,1
chian-yeun,0
aetna,1
reichard,0
organec,1
richeced,1
ettte,1
intsrmittency,0
canputer-inmplemented,1
chia~shun,1
cceneceneeneeenenneenencnecesneneneceee,1
cetz4,1
prehistery,1
aerts,1
editha,0
roduc,1
gubmitted,1
ecenomics,1
tecenology,1
phosphorodiamidates,0
eerweern,1
§,1
vtol,0
thionnson,1
acceppance,1
fayetteville,0
sone,1
beene,1
sisraries,1
kilayko,0
plotkin,0
metal-carbcn,1
°phillips,1
stubbkefield,1
pisker,0
plsn,1
sd-146,1
veeeeee,1
nordblom,0
3h,1
correa-zoli,0
houte,0
os.retem,1
nonviolence,1
scudenrs,1
—y,1
evecc,1
coc,1
seneramnemcenene,1
cyclopropane,0
nanyang,0
cunitz,0
dashamir,0
etiologic,0
ratlroad,1
sre,1
ppccedupes,1
asche,0
middlebury,1
19g7t,1
prilosephy,1
linacre,0
pulpillment,1
optimizations,0
2/23/73,1
f44620-70-c-9197,1
anst,1
davena,1
ortiz-garcia,0
pnt,1
sonora,0
reifsnider,0
iinograd,1
habbo,1
coarsening,0
titi,1
gamma-prime,0
apaaav,1
viggo,0
chalofsky,0
1:15,0
ary,0
repletion,0
celik,0
georss,1
wieslaw,0
biosystematic,0
nickel-silicon,0
purpormance,1
ereeenne,1
aed70-71dbmc28,0
flintoft,0
77°¢,1
eeeeeveursd,1
frankena,0
ial,1
crull,0
koetzle,0
daa,1
mercury-aqueous,0
papua-new,0
larvta,1
fd,1
b.a,0
counselors,0
seeecvecaoeeceoeseocoseodoeeocco*®,1
azen,0
mackoin,1
gue,1
niimura,0
dats,1
prysecs,1
o0,1
aaee,1
tanta,1
sata,1
addink,0
piptsburgh,1
ror,1
seience,1
enq,1
args,1
tna,1
tega,1
4°s,1
letin,1
lhechin,1
beadt,1
imiversity,1
partiai,1
nilpotent,0
hild,0
chuong,0
eres,1
scfivani,1
rohr,1
capti,1
basu,0
pute,1
leto,1
carborane,0
kanefsky,0
opad,1
tenn,1
7a,1
isomerization,0
atten,1
ue,1
kirst,0
dcerce,1
eveeeceneedevenetessacnae,1
inae,1
dingus,0
architectu€,1
perchloric,0
al—haik,1
bhaven,0
n.h,0
™,1
schuetz,0
nlifornie,1
xiaoling,0
fe-p-c,0
chryssostomidis,0
alayne,0
machline,0
polyimide,0
ttemmgrn,1
disser,1
shaftel,0
rese,1
suppittter,1
2°,1
agronomy,0
eeoreoeonorseeoeereseeeerenese,1
tene,1
tzu-bow,0
garold,0
permission.financing,1
chfand,1
initio,0
golde,0
pti,1
rvene,1
weiis,1
’,1
grymes,0
srl,1
thermo-fluid,0
schistosomicides,0
vesicular-arbuscular,0
protinsky,0
mcbdaniels,1
bootor,1
brunawick,0
eeevevresceeescesseoeseeenesaeeeoneaseees,1
4nd,0
doctgr,1
denertment,1
harly™,1
syolution,1
karlsruhe/rhein,0
mhirley,1
p.ni,1
indanone,0
thesig,1
cenaeeene,1
institutigns,1
sess,1
eseeve,1
chl,1
saies,1
selectio,1
helium-carbon,0
|-molizman,1
tarory,1
srrena,1
cecvese,1
chih-ping,0
arcnitecture,1
eeoe,1
reeueecens,1
sweedler,0
abidaud,0
ftett,1
————————_—_——,1
leung,0
degres,1
pba,1
ceénard,1
pormation,1
herent,1
decoufle,0
canbridge,1
‘,1
schr,1
mcpeek,0
uty,0
m.i.t,0
detb,1
wakt,1
eal,1
biolog,1
yushi,0
degree.of,0
—,1
puter,1
blevins,0
merril,0
eeeeeeeneeeeneeneceenenes,1
fossel,0
dufey,0
sarkisian,0
design-method,0
——,1
wyckoff,0
slenature,1
soda-silica,0
wardhaugh,0
fj,1
eai,1
subdject,1
patamapongse,0
e.ft.a,1
n°,1
physical-organic,0
studentsa,1
pfopee,1
friese,0
marvich,0
reyuirenents,1
cece,1
spildways,1
senet,1
coneerreteescecesreveave,1
omim,1
”,1
instituts,1
microcycle,0
terminees,0
ese,1
a.be,1
rimbach,0
fodale,0
epee,1
oms,1
obenauf,0
cegree,1
cross-conjugated,0
aat,1
soiehome,1
eschman,0
interinstitutional,0
hopf,0
meletfary,1
wf,1
m.p.a,0
investigation.of..recovery..times.in..the,1
unive,1
mbbmnauat,1
konduk,1
discretisation,0
eecececenee,1
aeger,1
gbb,1
departnent,1
r.o,0
1901-1914,0
tecy,1
siebert,0
universidad,0
dary,1
iversity,1
ajor,1
distributed-parameter,0
alkidas,0
saha,0
bredenkamp,0
technc,1
teececenenntenenecense,1
putin,1
mastrocola,0
mobvre,1
vergnugen,0
matricee,1
andard,1
luded-volume,1
1972-73,1
ews,1
n.keith,0
b.e,0
doctir,1
bishomocubane,0
ceececcccececuceeenensteneueesneenees,1
pequepemfnts,1
nterernee,1
eens,1
cecceceeceeneeeeeeneneneee,1
mutasim,0
yaie,1
l-asparagine,0
jobfson,1
m.s.w,0
teennology,1
ghd,1
warylend,1
naster,1
ener,1
siremicrography,1
refractometry,0
cocommutative,0
casali,0
nicoletti,0
tetrapheny,0
indole,0
price-level,0
evangelos,0
thienopyridine,0
anthroptlosy,1
artment,1
eevees,1
structure-property,0
easa,1
diplom,0
moog,1
veume,1
fass,1
luserna,0
doctop,1
n-nitrosoketimines,0
oglioruso,0
n-substituted,0
seph,1
sumitted,0
een,1
comittee,1
sundell,0
penner,0
cceas,1
m°,1
ehocesascces,1
betaine,1
j.c,0
foulvillmem,1
karonantics,1
™hesis,1
eenenaeeneve,1
chateman,1
wv,1
chalrman,1
a.v,1
m=,1
wrene®,1
helium-chlorotrifluoromethane,0
manipulatives,0
ges,1
iodination,0
eeseeeunteanae,1
analogs,0
piperazines,0
“,1
