,0
,1
massachusettts,1
davig,0
subrnitted,0
pertial,0
ue,0
wiswell,1
pute,0
ettte,0
b.se,0
a.r.i.b.a,0
kuppuseamy,1
masanobu,1
wos,0
sth,0
nema,0
maint,0
3s,0
opad,0
safaitic,1
stali,0
andard,0
structure-property,1
ppcgpaim,0
neenan,1
switchgrass,1
engipeering,0
corwin,1
konduk,0
requireiients,0
pappas,1
feavtia,0
yi-shuong,1
propertias,0
cyclohexane,1
ody,0
ixodid,1
siddique,1
een,0
marvich,1
burks,1
denertment,0
krishnan,1
"22,777",0
——,0
caloyannides,1
large-sample,1
werk,0
electronique,1
sharifi,1
spirochete,1
skaar,1
arenburg,1
laveen,0
yushi,1
iversity,0
crain,1
eeevevresceeescesseoeseeenesaeeeoneaseees,0
habe,0
redwinged,1
bertolet,1
capensis,1
assoctate,0
1-470,0
d.w,1
coxroro,0
nace,0
krimsley,1
chateman,0
paptial,0
belli,1
vnereasesevnosvsanvneevogods,0
4nd,1
uimmnouuooey,0
rastogi,1
thab,0
assas,0
chl,0
——er,0
wma,0
ance,0
recuirsments,0
bearch,0
ajor,0
postsecondary,1
vce,0
corte,0
greeno,1
ign,0
middlebury,0
radialton-induced,0
srrena,0
aaee,0
heterodyne,1
n-nitrosoketimines,1
lequesne,1
mcdaniels,1
matricee,0
e.ft.a,0
aan,0
reerceem,0
ooctor,0
—m,0
u.a.r,1
bubble-particle,1
carneqie-mellon,0
evecc,0
dezrae,0
multiphase,1
21:1,1
cyclobutoxides,1
counselor,1
gerstein,1
carnegzie-mellon,0
marilya,0
cheel,1
iat,0
acceppance,0
philosopny,0
ppccedupes,0
4m,0
houte,1
uprichard,1
s.m.e,0
parkville,1
gunol,1
chism,1
prag,0
delinquint,0
rennin,0
sseccecs,0
b.s,1
counsell,1
stockhouse,1
sundell,1
mamoru,1
rese,0
azen,1
universeiy,0
standara,0
ehescereceraces,0
wearee,0
ribbe,1
coneerreteescecesreveave,0
clell,1
bertolaet,1
197i,0
chih-ping,1
stubbkefield,0
weet,0
sebes,0
oenothera,1
patamaka,1
eeene,0
arie®,0
omim,0
tagmemic,1
tyésis,0
b.e,1
mutasim,1
b.d,1
gree,0
clty,0
thalassia,1
thaf,0
niemi,1
annalt,0
|-molizman,0
poctopr,0
abeles,1
bodnar,1
sweedler,1
e-caprolactam,1
faby,0
swudy,0
p-n,1
ccnrcceseccces,0
eerweern,0
seaseareesees,0
eceneeeeeeeesuseeeeeereeeectens,0
qlasope,0
harly™,0
coc,0
facet-factorial,1
rvene,0
chdirman,0
thionnson,0
laux,1
apne,0
you-feng,1
semanic-lauth,1
eenenaeeneve,0
permission.visual,0
engl,0
florette,1
jokns,1
tems,0
ectomycorrhizal,1
cyclizations,1
refractometry,1
ples,0
shirhey,0
fopmation,0
hlm,0
correa-zoli,1
oeceeeese,0
ieeep,0
agelaius,0
sarkisian,1
hy,0
reyuirenents,0
shammas,1
oyediji,1
flanning,0
ciry,0
neering,0
landesman,1
undepstatipe,0
prpfessor,0
seencereeeeeeene,0
asche,1
shaykuisu,1
epartment,0
committee_on,0
henghold,1
blacksburg,1
3°,0
®,0
spfudents,0
coarsening,1
rst,0
nctavio,0
alexarider,0
sipervisor,0
cavite,1
shostak,1
dertecese,0
avestan,1
sedki,1
pti,0
ree,0
rmon,0
henneke,1
losertation,0
evangelos,1
dentitions,1
b.s.m.e,1
aboud,0
nce,0
mellott,1
eeeerreosneeseeeoeneeoene,0
veeeeee,0
eai,0
brauner,1
chenistry,0
sctiene,0
ceagepe,0
l979,0
liles,0
eceececcecceccccceccscccccccedveccecuecocceces,0
fulytlarent,0
§,0
geschke,1
modeling,1
electrical.discharge,0
dontan.of,0
gas-liquid,1
proe,0
n.h,1
gme,0
neelam,0
addink,1
fodale,1
septasber,0
luserna,1
denartmental,0
enksson,0
wheland,1
acarina,0
subgenus,1
burkhart,1
cena,0
friese,1
erenkov,0
iodination,1
econony,0
basu,1
cce,0
fj,0
s.b,1
jérgen,1
limnetic,1
wakt,0
eseeve,0
gamo,0
peeroesave,0
oyelaran,1
submetted,0
anst,0
prilosophy,0
aaylor,0
nonitored,0
lbishy,0
shipvuilding,0
initio,1
cdegree,0
georss,0
ferulic,1
eetoe,0
archaeolemur,0
catalano,1
zinc-blende,1
bredenkamp,1
eoeee,0
physaloptera,1
siebert,1
ert,0
kurshan,1
oglioruso,1
alinia,0
congonmity,0
earliness,1
lieoa,0
wun,0
philosdophy,0
atten,0
ncn,0
hankuk,1
dingus,1
hochschule,1
chian-yeun,1
departiiént,0
lefe,0
zl,0
tere,0
desoer,1
crn,0
alesdair,1
brurclreh,0
hapke,1
indebetouw,1
metal-semiconductor,1
ceeeeennnenn,0
eenvrenreseeereoneneeerenseeneeeseeseeeeseteeseresae,0
winfred,1
paslay,1
fulfillsent,0
shippensburg,1
babism,1
armoring,1
viggo,1
fearnsides,1
1851-1895,1
tenes,0
etiologic,1
fece,0
anthroptlosy,0
meth,0
aivin,0
chryssostomidis,1
nequirements,0
ajtd,0
cooby,0
b.a,1
scciai,0
—_—,0
hydride,1
jowes,1
chromium-oxygen-hydrogen,1
rensselaer,1
¢74,0
darree,0
smm,0
it0,1
chamistry,0
plann,0
wononskopmuc,1
doane,1
el-shiekh,1
rimbach,1
elimina,0
£,0
phosphonate,1
n.m.r,1
srila,0
oissertation,0
tandar,0
marcie,1
seph,0
séciology,0
mattson,1
eeeeeseeeresnseeeeeereeeesetetreeaepeaeeeeeane,0
naster,0
aeepr,0
burckhalter,1
iinograd,0
brandeis,1
eoreosenaseeeeeara,0
eeeeeeeneeeeneeneceenenes,0
arcnitecture,0
baten,0
mastin,0
manmoud,0
carder,1
iets,0
o_clous,0
scme,0
capozza,1
saifur,1
hnacogceoeoena,0
biophysics,1
capti,0
ovp,0
alonzo,1
docttoraal,0
opi,0
nena,0
shiu,1
ame,0
anplicetion,0
imal,0
echanical,0
aerts,0
euphydryas,1
oes,0
fert,1
©,1
partiai,0
lla,0
kilayko,1
sata,0
luded-volume,0
seda,0
tenenbaum,1
cama,0
yir/ev,0
epee,0
sliyahu,0
charismaitc,0
sambhunath,1
ckairman,0
requtrements,0
selectio,0
evansville,1
alexanfler,0
ecenomics,0
thienopyrazine,1
warylend,0
schistosomicides,1
pfopee,0
cece,0
syolution,0
—y,0
1970-71,1
comittee,0
tf,0
j.pé/wightman,0
hoge,1
methylenecyclobutane,1
wf,0
titi,0
acott,1
pulpillment,0
kuhar,1
homoconjugation,1
dihydrophenanthrene,0
dussan,1
williams-green,1
ozer,0
earv,0
spectrometric,1
expertence,0
orawings,0
jz,0
akins,1
woong-sang,1
sre,0
prefesser,0
thylene-9,0
l-asparagine,1
philesephy,0
ececens,0
inertially-oriented,1
’,0
proressor,0
non-awardees,1
californie,0
tamano,1
xiaoling,1
wurtzite,1
weaa,0
tevet,0
ped,0
warshaw,1
pions,1
prilosephy,0
bartel,1
ozonolysis,1
eid,1
postemergence,1
tetrapheny,1
pearcy,1
harlan,1
cylkowskt,1
dennisailper,0
dicyanoacetylene,1
—santalol,0
swarthmore,1
cee,0
micromechanical,1
rane,1
etat,0
titanocene,1
thermo-fluid,1
sampurno,1
diels-alder,1
herent,0
engitieering,0
gohnm,0
fluoroalkene,1
eeeeeveursd,0
fossel,1
immunogenetics,1
gta,0
suppittter,0
cecceceeceeneeeeeeneneneee,0
sd-146,0
photomorphogenesis,1
eevresrereneereeseveneereeeresseeoensaeeeeeeennee,0
wy,0
decter,0
ial,0
olivet,1
mazzola,1
sona,0
wideband,1
réequiremants,0
erland,1
riccardella,1
brustkern,1
ballou,1
crildren,0
purpormance,0
19g7t,0
sinsheimer,1
evteen,0
sensvneses,0
degree.of,1
sarria,0
indanone,1
efpect,0
7a,0
boundary-integral,1
hasselman,1
secial,0
beene,0
lécy,0
9-substituted-6-chloropurines,1
bluestem,1
grgaduate,0
dats,0
squalene,1
aclp,0
ferromagnetism,1
connaway,1
canbridge,0
yivia,0
rotch,1
simultancously,0
tment,0
esea,1
apaaav,0
hydromagnetic,1
schuetz,1
chia~shun,0
parametrized,1
shuster,1
jiniversity,0
tsinghua,1
sedat,0
homopolymers,1
€44620-67-c-0058,0
benzenes,1
mech,1
beil,0
recxer,0
bebert,0
9/4,0
jofifs,0
lun,0
organogermanium,1
electrodeless,1
borgir,1
metal-carbcn,0
aren,0
verzino,1
koniuk,1
pompett,1
7d,0
lmethy,0
casali,1
leela,0
sundaresan,1
mussalli,1
wurster,1
betaine,0
rere,0
lemuroidea,0
kornblum,1
oon00eeoeoncogngunvngd,0
—hpad,0
mycorrhizal,1
cesarsky,1
slenature,0
b-styrylferrocene,1
yangchun,1
brintzinger,1
niimura,1
eetrm,0
1g2,0
wetmore,1
cif,0
superfluid,1
lukaszek,1
1972-73,0
mye,0
14-7-98,0
landel,1
chaudhari,1
1970the,0
dissert,0
woodmansee,1
reconnatssance,0
institue,0
teececenenntenenecense,0
abidaud,1
pret,0
design-method,1
rece,0
1948-1966,1
chakravarti,1
cecceectecceeeeeecetenntnsennneneneeenene,0
scheckler,1
babb,1
azafulvenes,1
eversole,1
immersions,1
eveeeceneedevenetessacnae,0
1571-1896,1
tugust,0
besten,0
gnuairman,0
by.-esee25,0
"644,5-t-31",0
oms,0
ratlroad,0
enginecring,0
kemmer1img,0
bilinear,1
yalpani,1
nonviolence,0
suillus,1
2-65-3m,0
hopf,1
77°¢,0
f44620-70-c-9197,0
weinreich,1
boletes,1
dipheny,0
etiam,0
nicoletti,1
gamma-prime,1
distributed-parameter,1
solvolysis,1
non-newtonian,1
resioential,0
kosecoff,1
unive,0
balance-of=payments,0
normé/jean,0
jean-benoit,1
three-dimenstonal,0
ph.b,0
rotary-wing,1
aiello,1
biel,0
7isytoe,0
erate,0
helium-chlorotrifluoromethane,1
``,0
maack,1
daa,0
eoepoeceeeeereoveee,0
cunitz,1
antenucci,1
fcp,0
gradthte,0
saed,1
chairenin,0
azuma,1
cegree,0
a.v,0
weer,0
vsd,0
hucke,1
phosphorodiamidates,1
savas,1
tirrbn,0
dufey,1
hilu,1
phin,0
strick,1
m.p.a,1
wartell,1
tte,0
weve,0
1550-1714,1
orderins,0
paychology,0
cte,0
opitz,1
gysel,1
nica,0
fartial,0
reifsnider,1
rheology,1
sess,0
artment,0
mercado,1
pittsburzh,0
barbee,1
bishomocubane,1
eae,0
eproduced,0
habbo,0
doctgr,0
mene,0
giaretta,1
lores,1
athe,0
epoeceeaseneasats,0
a\f1.0,0
chaoying,1
iayer,0
oras,0
mcwhorter,1
és,0
eeewmesetoeeoeeeeeeeaneee,0
supervisgr,0
manipulatives,1
harrick,1
inatitute,0
m.s,1
wyckoff,1
roton-roton,1
ting-chao,1
reserpine,1
muco-ciliary,1
rasin,1
hsin-min,1
tulane,1
owyoung,1
emtgeesatetieweetileanos,0
zelazny,1
m.a,1
n.keith,1
cyclopropane,1
siremicrography,0
ihas,1
beryle,1
bilong,1
piptsburgh,0
fluorosilyl,1
dactor,0
jerr,0
amick,1
lk,0
jor,0
trickle-bed,1
beadt,0
neene,0
mckeen,1
jarnai,0
eial,0
fd,0
carborane,1
70-c-0107,0
yaie,0
cassytha,1
wendel,1
spructure,0
teeta,0
1slam,0
universidade,1
cah,0
ceénard,0
prgetade,0
batto,1
ftett,0
py,0
gametophytes,1
trawwlir,0
roduc,0
eeeecees,0
kartsatos,1
karlsruhe/rhein,1
technische,1
phoeniceus,0
seadtle,0
cocommutative,1
aex,0
mashburt,0
ctrn,0
pareja,1
osa,0
piperazines,1
davena,0
imnstitutf,0
muscara,1
hartharan,0
enucation,0
leung,1
thermolysis,1
senet,0
editha,1
josephat,1
cigoli,1
neeranas,0
yih,1
obenauf,1
feratic,0
foulvillmem,0
celik,1
nunnally,1
wiohel,0
vencill,1
s.m,1
"2-methylene-3,4,5,6-dibenzo-3',4'",1
«,0
os.retem,0
de-de,0
baixue,1
millian,0
fhe,0
underachievers,1
muench,1
emer,0
stereoselectivity,1
°phillips,0
penner,1
“,0
tecenology,0
ethylenediamine,1
cyclohexadienones,1
eer,0
salida,1
j.e,1
alkidas,1
antipode,1
cea,0
cceas,0
ened,0
lams,0
permission.representations,0
imiversity,0
n°,0
nhu,1
convexly,1
eeoeeeeoceses,0
————————_—_——,0
1774-1870,1
meader,0
glauber,1
tsobutane,0
class_.of,0
ews,0
k.d,1
mcbdaniels,0
clemons,1
vtol,1
supérieure,1
asr,0
prrabade,0
lichtman,1
1970sxperiments,0
digitaria,0
eschman,1
eoneeoeve,0
flintoft,1
amnanmed,0
tega,0
breidenbach,1
b.s.a.d,1
logy,0
ttemmgrn,0
borukhov,1
enginégring,0
eelhh,0
diplom,1
lhe,0
b-ch.e,0
optimizations,1
jobfson,0
stalford,1
jre,0
fittsbureh,0
counselors,1
mamightman,0
t-532,0
garold,1
p.ni,0
protinsky,1
ener,0
heterophase,1
'',0
charze,0
detb,0
vepartmental,0
masangkay,1
growih,0
m.e,1
easa,0
degre,0
2s,0
hilfy,0
universidad,1
ickeen,0
politecnica,1
1868-1936,1
studentsa,0
anette,0
tzu-bow,1
eneeoneeann,0
mackoin,0
j.d,1
gerken,1
michaelssesnowitz,0
of.philosophy,0
génneth,0
pequepemfnts,0
eum,0
oanseeseerneve,0
thala,0
comnittee,0
tecy,0
merril,1
radtke,1
schgol,0
soda-silica,1
jeffcoat,1
loftness,1
ketones,0
tsrminal,0
eens,0
heev,0
sehn,1
hatzios,1
emara,1
plsn,0
chloroethyl,0
sates,0
johe7a,0
al—haik,0
henaricks,0
mixzures,0
ereens,0
ground-foraging,1
teknologi,1
hellstern,1
gse,0
dashamir,1
mastrocola,1
casperson,1
bicanich,1
zannis,1
b.c,1
ez,0
aittsburgh,0
aai,0
eeoreoeonorseeoeereseeeerenese,0
yole,1
holz,1
revelli,0
milka,1
cross-conjugated,1
reeueecens,0
seman,0
eteeseseeseedceeneeeee,0
garg,1
u_-—,0
1937-1939,1
thests,0
permission.nonlinear,0
organosilylamines,1
eiko,1
aed70-71dbmc28,1
saha,1
philoscpny,0
esate,0
fte,0
unversity,0
sisraries,0
ploor,0
ctr,0
massactusetts,0
ececesavece,0
chuong,1
pachylophus,1
shuraydi,1
ges,0
eal,0
neighborhoods,1
discretisation,1
etpreeouvuevnaaeeseaeateho,0
¥,0
bernary,0
mewn,0
eigel,1
8-ketoesters,0
soan,0
perchloric,1
center-pivots,1
ataport,0
4°s,0
anghl,0
ereeenne,0
gubmitted,0
por-yuan,1
yyw,0
matupal,0
puggested,0
schoenberger,1
non-equilibrium,1
ohemical,0
lactone,0
kadzie,0
wagman,1
eeeaceee,0
wangafy,0
tanta,0
lene,1
sohn,0
eeeaeaeeand,0
ene,0
principalship,1
xe,0
babich,1
bhaven,1
of____doctor,0
seience,0
aat,0
chryssostomos,1
pépartmental,0
price-level,1
plaines,0
gf,0
eecececenee,0
disser,0
brockes,1
repletion,1
sree,0
eaye,0
reidy,1
moving-map,1
ifo,0
koetzle,1
hsin-hsiung,1
™,0
args,0
decoufle,1
ghd,0
lead~tin-cadmium,0
erro,0
edge-effect,1
sonora,1
ghnson,0
stet,0
luecke,1
professer,1
philcsophy,0
ceeeeeeeeeeeceeesceeceeeeneceee,0
zynch,0
"1,2-diphenylcyclobutene",1
pasteurization,1
fiber,1
eeeeser,0
terminees,1
balath,0
t.c,1
in|,1
f44620,0
salmonid,1
wae,0
scudenrs,0
shofcraft,0
vtaracsiaacntba-a,0
esee,0
stenning,1
gracuate,0
fayetteville,1
vel,0
engineering-economic,1
reser,0
longone,1
irdisches,1
eneee,0
doron,1
sone,0
sahih,0
eiss,1
canputer-inmplemented,0
frithjof,1
eeeteeeeeoerseeaeo,0
ecard,0
m.i.t,1
catherines,1
of__doctor,0
nanyang,1
aulhol,0
calendering,1
hilbish,1
owyeaee,0
wv,0
lomg,0
tiel,0
—,0
iy,0
qrusalniik,0
beato,0
nase,0
"9,10-cyclobutenophenanthrene",1
phthalate,1
physical-organic,1
larvta,0
semiclassical,1
sowa,0
spildways,0
near-field,1
dianion,1
newin,1
mcpeek,1
eteas,0
"2,2'-bipyrimidine",1
tfchnology,0
a.b.e,0
biolog,0
1823-1837,0
preinterview,1
hexatriacontane,1
dicsortation,0
mercury-aqueous,1
erent,0
serologic,1
aad,0
schr,0
caudarella,1
moog,0
tetrafluoride,1
technc,0
technolory,0
brazer,1
kotsovinos,1
maizza,1
besieris,1
prehistery,0
nickel-silicon,1
beaman,1
jassby,1
jagdish,1
permission.structural,0
eevees,0
dector,1
nucleophilic,1
fulriiiment,0
viet-nam,1
bepfeley,0
aeger,0
qe,0
tuyl,1
yurochko,1
commutants,1
sjb,0
khidir,1
doccor,0
eet,0
tayi,0
triazolines,1
hagood,1
dacember,0
cescscce,0
oon,0
pittsburch,0
veneceeneenenene,0
gregoire,1
minimum-fuel,1
parcial,0
prabhat,1
linvilie,0
ecto,1
thesig,0
labib,1
tne,0
eeseeeunteanae,0
kaliden,1
kirst,1
anchitsctuns,0
i971,0
degres,0
"2.,1962",0
b.arch,1
s74,0
machline,1
ruthefford,0
sukale,1
é,0
maneuvering,1
paukulis,1
1:15,1
a.be,0
tna,0
geyce,0
tobe,0
poettingex,0
partiel,0
chairmarf,0
chalrman,0
wieslaw,1
sansh,0
yl,0
ont,0
5rt6,0
tene,0
gletsos,1
qh,0
chermak,1
alexandros,1
prosperetti,1
analogs,1
soupcoff,1
meid,1
chairdgh,0
subdject,0
polyimide,1
seeecvecaoeeceoeseocoseodoeeocco,0
tunneling,1
chfand,0
fe-p-c,1
riess,1
0b,0
devartment,0
erseeeeoeeeeenesen,0
nen,0
kamke,1
kanefsky,1
tsa,0
kienas,1
ete,0
times.in,0
0s,0
2h,0
apprqved,0
cence,0
clipe,0
drmrmece,0
tnlerpace,1
creve,0
blevins,1
hanzlik,1
puckett,1
nilpotent,1
wigdor,1
byuprnrt,0
mormis,0
omia,0
eeoe,0
indole,1
escola,1
aoe,0
20-120,1
j.c,1
hsiao-yun,1
rohr,0
literature-focused,1
heligeth,0
ern,0
inae,0
uty,1
4aiplson,0
taim,1
srl,0
ghz,1
decteral,0
joserph,0
admittances,1
seaosene,0
supérvisdr,0
tenn,0
atic—,0
aetna,0
karnell,1
bliznakov,1
aicha,1
1600-1728,1
doctir,0
karonantics,0
avthor,0
crutchiey,0
etee,0
seeetaeeenetnneneesanes,0
apitz,1
eldersveld,1
tul,0
2°,0
arthut,1
golde,1
epizootic,1
eeeee,0
legree,1
barbacch,0
instituts,0
politécnica,1
ommittee,0
kellman,1
f/a,0
léa,0
gottardi,1
depa,0
dary,0
losophy,0
bloss,1
meral,0
boucouvalas,1
wrene®,0
welfer,1
pisker,1
jui,0
myung,1
dip.c.d,0
enq,0
r.o,1
ssecny,0
bergmann,1
craduate,0
ignature,0
kil,1
kocamustafaogullari,1
permission.financing,0
degrec,0
stuckless,1
5.m,1
9-10-phenanthro,0
a-sns-cdaind,0
rosaleen,1
biradical,1
reet,0
pavlot,1
reichard,1
adelbert,1
nordblom,1
tation,0
bilgin,1
junie,0
beethan,0
rements,0
»,0
lenawee,0
mey,0
beee,0
barde,1
m.b.a,1
open-channel,1
auguse,0
awardees,1
fuad,1
broecker,0
ingénieur,1
hild,1
mhirley,0
visvaldis,1
soiehome,0
weiis,0
destor,0
1864-1889,1
californiz,0
commmittteet,0
droperoxide,0
awh,0
ity,0
sanqu,1
hultquist,1
jeong-shwu,1
occ,0
permission.the,0
j.yfenchak,0
§hairman,0
quirements,1
kadarsan,1
gbb,0
worner,1
spircbicyclohexane,0
interinstitutional,1
hadjipavlou,1
markovian,1
theclogical,0
2/23/73,0
satyaki,1
sngineering,0
chaffee,1
mys,0
ceececcccececuceeenensteneueesneenees,0
richeced,0
bridgeport,1
a.m.t.p.i,0
n-substituted,1
cinmtd,0
philoscphy,1
karmis,1
kriton,1
ightman,0
sdges,0
's,0
infen,0
meletfary,0
pulfillment,0
electrochemiluminescence,1
derree,0
frcocedures,0
peparimgfe,0
sfy,0
automatique,1
clément,1
domber,1
poesis,0
usters,0
aromatization,1
alayne,1
fasadena,0
isomerization,1
nlifornie,0
institutigns,0
patamapongse,1
wightrfan,0
radiolodine,1
abr,0
g.j,1
corrittee,0
2/22/78,0
ligrarnl,0
qf,0
sxperiments,0
bagge,0
‘,0
agronomy,1
eynas,0
vil,0
ype,0
changsoo,1
€,0
pedju,1
doctor.of,0
distributicn,0
merola,1
bootor,0
eveeeeevr,0
cyclobutanes,1
schottky,1
plasticizers,1
petrela,1
elastic-viscous,1
blias,0
grafuate,0
uqhm,0
duquesne,1
heglonat,0
automatization,1
wierwille,1
oma,0
tarory,0
heao,0
carboranes,1
3h-amino,1
sm-73,0
——z,0
qépartmeht,0
eeee,0
yg,0
nner,0
1901-1914,1
ceve,0
aetrei,0
redacted,1
stereospecific,1
no-till,1
m.crim,1
oee,0
—~k,0
gangnes,1
prysecs,0
veume,0
eecsessceceososeoceseoooeovc708,0
ereer=,0
februsry,0
jasen,1
pormation,0
yder,0
turki,1
icosahedral,1
ziway-shala,1
rseeess,0
retr,0
eeenevoeeeeteoeceesnoeeaseetseorevnesess,0
methylone,1
chalofsky,1
wdfc,0
ceccccecsscuccccns,0
mmed,0
srimer,0
prefessor,0
”,0
singham,1
ror,0
organec,0
tavbars,0
gbemiga,1
circumplex,1
thienopyridine,1
tso,1
linacre,1
ehocesascces,0
fass,0
investigation.of,0
alpha-methylstyrene,1
zedaker,1
arnoid,1
shaeffer,1
biosystematic,1
chul,1
helium-carbon,1
ludema,1
doctop,0
isopropenylcycloheptatrienes,1
papua-new,1
barthold,1
tjaden,1
lethy,1
soledad,1
ler,0
eam,0
ary,1
quadricyclyl-7-carbinol,1
ortiz-garcia,1
counterflow,1
eral,0
shirle¥/jgnes,0
espiner,0
ixodidae,0
physico-chemical,1
qo,0
teotia,1
shaftel,1
helicity,1
eaoaneeoevseseeenseevanse,0
ation,0
eseeneeeveece,0
eizctrical,0
z£,0
monyok,1
teennology,0
amet,0
spin-parity,1
reniivemants,0
rieffel,1
perecheieee,0
1966-1969,1
cecvese,0
shaye,0
seneme,0
daka,1
organosilicon-nitrogen,1
volterra,1
plotkin,1
srr,0
clementson,1
hershler,1
cetz4,0
masskcyusstts,0
untverstt,0
organotin,1
empiricai,0
afi,0
petersson,1
coneeeneennnnnne,0
rimstidt,1
putin,0
crull,1
zhiqiang,1
crabgrass,1
mclaughl,0
tenney,0
hinman,1
lhechin,0
sook,1
monash,0
nikolas,1
grymes,1
eeoeeteaeebeeeaeasseaseoeseeeestseeseseeeeaeaeensneesd,0
yocum,1
counseling,1
tht,0
¢,0
m°,0
riad,1
dest,0
1970s,1
lastc,1
brunawick,1
vroman,1
fastionics,1
f500,0
9a,0
duklese,0
dyyovea—,0
polyketide,1
requ,0
seneramnemcenene,0
kuczkowski,1
tepper,1
frankena,1
scfivani,0
tankship,1
l971,0
tohoku,0
letin,0
ingenieur,1
7ee,0
in-partial,0
laser-plasma,1
departmehtal,0
elasto-plasticity,1
discrete-time,1
1904-1914,1
mbbmnauat,0
elshabini-riad,1
puter,0
peppesfntaticn,0
ikuma,1
desimone,1
rneth,0
fspects,0
microwave-microwave,1
reusch,1
konno,1
suegihe,0
kanayo,1
okoye,1
sulfide,1
caputo,1
canfield,1
ning,0
dedman,1
cerium,1
maton,0
littlefigid,0
vergnugen,1
ier,0
m=,0
rara,1
falkler,1
3h,0
computer-driven,1
pae,0
elastic/viscoplastic,1
s¢ott,0
pilbeam,1
haftka,1
qicp,0
microcycle,1
m.m,1
tharald,1
siske,0
eeooenero,0
anit,0
conmittee,1
°,0
cenaeeene,0
getz,1
two-~phase,1
hawait,0
fixed-income,1
arhancet,1
jonns,1
cclorado,0
foover,0
byt,0
mobvre,0
eeesrreersee,0
conny,0
leto,0
photodynamics,1
peseasteeseneteeoee,0
1g,0
eeesesenee,0
ested,0
teow,0
duete,0
steere,0
healti,0
seligsohn,1
decoster,1
tsung-chien,1
federbush,1
pnt,0
cceneceneeneeenenneenencnecesneneneceee,0
mansoor,1
dassa,1
allardice,1
iiciences,0
trifunac,1
nterernee,0
huckin,1
reve,0
™hesis,0
depdlngrt,0
intsrmittency,1
ule,0
plasma-solid,1
wardhaugh,1
architectu€,0
ccnformity,1
hamilten,0
philasophy,1
fulfilinent,0
meee,0
gruhn,1
kamler,1
"9,10—dime",0
m.s.w,1
cyclotron-~type,0
phili,1
neers,0
sumitted,1
kilinc,1
aud,1
vesicular-arbuscular,1
ogpeooouo,0
santon,1
erry,0
lantz,1
cis-trans,1
astronautics,1
o0,0
aoi,0
xum,0
suchon,1
bipo,1
fufillment,0
holschneider,1
behavicrs,0
pba,0
macdonalé,0
mechanieat,0
of__chemistry,0
eevee,0
hhepartmental,0
requirments,0
narang,1
1970a,0
corkran,1
ceca,0
dcerce,0
post-newionian,0
ayangbile,1
rrazil,0
chromatographic/spectroscopic,1
gue,0
departnent,0
saies,0
eres,0
vy,0
poiseuille,1
cycloaddition,1
cemmittee,0
ese,0
inary,0
wovefeacsssecces,0
